{
    "appconfiguration": {
        "app_name": "Baadshah Broking ",
        "url": "https:\/\/baadshahbroking.com\/register.php",
        "appLanuguage": "en",
        "isJavascriptEnable": "true",
        "isSplashScreen": "false",
        "isZoomFunctionality": "false",
        "navigationStyle": "fullscreen",
        "header_style": "empty_header",
        "is_walkthrough": "false",
        "is_webrtc": "false",
        "is_floating_button": "false",
        "floating_button_style": "regular",
        "is_pull_refresh": "true",
        "tab_style": "tab_with_title_icon",
        "bottom_navigation": "bottom_navigation_3",
        "walkthrough_style": "walkthrough_style_3",
        "clear_cookie": "false",
        "isExitPopupScreen": "true",
        "disable_header": "false",
        "disable_footer": "true",
        "app_logo": "https:\/\/test.vrtechie.in\/upload\/app_logo.png",
        "floating_button": "https:\/\/test.vrtechie.in\/upload\/floating_button.png"
    },
    "admob": {
        "ads_type": "none",
        "admobBannerID": "",
        "admobIntentialID": "",
        "admobBannerIDIOS": "",
        "admobIntentialIDIOS": "",
        "facebookBannerID": "",
        "facebookIntentialID": "",
        "facebookBannerIDIOS": "",
        "facebookIntentialIDIOS": ""
    },
    "progressbar": {
        "is_progressbar": "false",
        "loaderStyle": "FadingFour"
    },
    "theme": {
        "themeStyle": "Theme13",
        "customColor": null,
        "gradientColor1": null,
        "gradientColor2": null
    },
    "about": {
        "whatsAppNumber": "079829 45396",
        "instagramUrl": "https:\/\/www.instagram.com\/baadshahbroking\/",
        "twitterUrl": "https:\/\/twitter.com\/baadshahbroking",
        "facebookUrl": "https:\/\/www.facebook.com\/baadshahbroking7",
        "callNumber": "079829 45396",
        "snapchat": "https:\/\/www.snapchat.com\/",
        "skype": "https:\/\/www.skype.com\/",
        "messenger": "https:\/\/www.facebook.com\/baadshahbroking7",
        "youtube": "https:\/\/www.youtube.com\/channel\/UC2HE4grtTuzk0-OOMltYI5Q",
        "isShowAbout": "false",
        "copyright": "Baadshah Broking Limited",
        "description": ""
    },
    "onesignal_configuration": {
        "app_id": "xxxxx",
        "rest_api_key": "xxxxx"
    },
    "splash_configuration": {
        "first_color": "#000000",
        "second_color": "#73aa46",
        "title": "Baadshah Broking",
        "enable_title": "true",
        "title_color": "#000000",
        "enable_logo": "true",
        "enable_background": "false",
        "splash_logo_url": "https:\/\/test.vrtechie.in\/upload\/splash_logo.png",
        "splash_background_url": "https:\/\/test.vrtechie.in\/upload\/splash_background.png"
    },
    "exitpopup_configuration": {
        "title": "Do you want to exit at this moment? ",
        "positive_text": "Yes",
        "negative_text": "No",
        "enable_image": "true",
        "exit_image_url": "https:\/\/meetmighty.com\/mightywebbuilder\/upload\/cancel.png"
    },
    "share_content": {
        "share": "bb"
    },
    "header_icon": {
        "lefticon": [
            {
                "id": "1",
                "title": "Back Button 1",
                "value": "ic_back1",
                "image": "ic_back1.png",
                "type": "event",
                "url": null,
                "status": "0",
                "created_at": "2021-04-09 05:19:17",
                "updated_at": "2021-04-09 05:19:17"
            },
            {
                "id": "2",
                "title": "Back Button 2",
                "value": "ic_back2",
                "image": "ic_back2.png",
                "type": "event",
                "url": null,
                "status": "1",
                "created_at": "2021-04-09 05:19:27",
                "updated_at": "2021-04-09 05:19:27"
            },
            {
                "id": "3",
                "title": "Home",
                "value": "ic_home",
                "image": "ic_home.png",
                "type": "event",
                "url": null,
                "status": "0",
                "created_at": "2021-04-09 05:20:00",
                "updated_at": "2021-04-09 05:20:00"
            },
            {
                "id": "4",
                "title": "Profile",
                "value": "ic_profile",
                "image": "ic_profile.png",
                "type": "url",
                "url": "https:\/\/www.google.com\/",
                "status": "0",
                "created_at": "2021-04-09 05:20:29",
                "updated_at": "2021-04-09 05:20:29"
            },
            {
                "id": "5",
                "title": "Close",
                "value": "ic_close",
                "image": "ic_close.png",
                "type": "event",
                "url": null,
                "status": "0",
                "created_at": "2021-04-09 05:20:30",
                "updated_at": "2021-04-09 05:20:30"
            },
            {
                "id": "6",
                "title": "Search",
                "value": "ic_search",
                "image": "ic_search.png",
                "type": "url",
                "url": "https:\/\/www.google.com\/",
                "status": "0",
                "created_at": "2021-04-09 05:20:36",
                "updated_at": "2021-04-09 05:20:36"
            },
            {
                "id": "7",
                "title": "Add",
                "value": "ic_add",
                "image": "ic_add.png",
                "type": "url",
                "url": "https:\/\/www.google.com\/",
                "status": "0",
                "created_at": "2021-04-09 05:20:51",
                "updated_at": "2021-04-09 05:20:51"
            }
        ],
        "righticon": [
            {
                "id": "1",
                "title": "Reload",
                "value": "ic_reload",
                "image": "ic_reload.png",
                "type": "event",
                "url": null,
                "status": "1",
                "created_at": "2020-06-07 21:28:42",
                "updated_at": "2020-06-07 21:28:42"
            },
            {
                "id": "2",
                "title": "Search",
                "value": "ic_search",
                "image": "ic_search.png",
                "type": "url",
                "url": "https:\/\/www.google.com\/",
                "status": "1",
                "created_at": "2020-06-07 21:48:16",
                "updated_at": "2020-06-07 21:48:16"
            },
            {
                "id": "3",
                "title": "Cart",
                "value": "ic_cart",
                "image": "ic_cart.png",
                "type": "url",
                "url": "https:\/\/www.myntra.com\/",
                "status": "0",
                "created_at": "2021-04-09 05:11:40",
                "updated_at": "2021-04-09 05:11:40"
            },
            {
                "id": "4",
                "title": "Settings",
                "value": "ic_settings",
                "image": "ic_settings.png",
                "type": "url",
                "url": "https:\/\/www.google.com\/",
                "status": "0",
                "created_at": "2021-04-09 10:33:15",
                "updated_at": "2021-04-09 10:33:17"
            },
            {
                "id": "5",
                "title": "Share",
                "value": "ic_share",
                "image": "ic_share.png",
                "type": "event",
                "url": null,
                "status": "0",
                "created_at": "2020-06-07 21:46:42",
                "updated_at": "2020-06-07 21:46:42"
            },
            {
                "id": "6",
                "title": "Close",
                "value": "ic_close",
                "image": "ic_close.png",
                "type": "event",
                "url": null,
                "status": "0",
                "created_at": "2021-04-09 05:10:36",
                "updated_at": "2021-04-09 05:10:36"
            },
            {
                "id": "7",
                "title": "Profile",
                "value": "ic_profile",
                "image": "ic_profile.png",
                "type": "url",
                "url": "https:\/\/www.google.com\/",
                "status": "0",
                "created_at": "2021-04-09 05:11:54",
                "updated_at": "2021-04-09 05:11:54"
            },
            {
                "id": "8",
                "title": "Message",
                "value": "ic_message",
                "image": "ic_message.png",
                "type": "url",
                "url": "https:\/\/www.google.com\/",
                "status": "0",
                "created_at": "2021-04-09 05:12:47",
                "updated_at": "2021-04-09 05:12:47"
            },
            {
                "id": "9",
                "title": "Notification",
                "value": "ic_notification",
                "image": "ic_notification.png",
                "type": "url",
                "url": "https:\/\/www.google.com\/",
                "status": "0",
                "created_at": "2021-04-09 05:13:11",
                "updated_at": "2021-04-09 05:13:11"
            },
            {
                "id": "10",
                "title": "Favourite",
                "value": "ic_favourite",
                "image": "ic_favourite.png\r\n",
                "type": "url",
                "url": "https:\/\/www.google.com\/",
                "status": "0",
                "created_at": "2021-06-24 17:01:26",
                "updated_at": null
            },
            {
                "id": "11",
                "title": "Add",
                "value": "ic_add",
                "image": "ic_add.png",
                "type": "url",
                "url": "https:\/\/www.google.com\/",
                "status": "0",
                "created_at": "2021-06-24 17:01:26",
                "updated_at": null
            },
            {
                "id": "12",
                "title": "List",
                "value": "ic_list",
                "image": "ic_list.png",
                "type": "url",
                "url": "https:\/\/www.google.com\/",
                "status": "0",
                "created_at": "2021-06-24 17:03:34",
                "updated_at": null
            },
            {
                "id": "13",
                "title": "Filter",
                "value": "ic_filter",
                "image": "ic_filter.png",
                "type": "url",
                "url": "https:\/\/www.google.com\/",
                "status": "0",
                "created_at": "2021-06-24 17:03:34",
                "updated_at": null
            },
            {
                "id": "14",
                "title": "Chat",
                "value": "ic_chat",
                "image": "ic_chat.png",
                "type": "url",
                "url": "https:\/\/www.google.com\/",
                "status": "0",
                "created_at": "2021-06-24 17:04:24",
                "updated_at": null
            },
            {
                "id": "15",
                "title": "About",
                "value": "ic_about",
                "image": "ic_about.png",
                "type": "url",
                "url": "https:\/\/www.google.com\/",
                "status": "0",
                "created_at": "2021-06-24 17:04:24",
                "updated_at": null
            },
            {
                "id": "16",
                "title": "QR Code",
                "value": "ic_qr_code",
                "image": "ic_qr_code.png",
                "type": "event",
                "url": null,
                "status": "0",
                "created_at": "2022-07-25 05:10:36",
                "updated_at": null
            }
        ]
    },
    "walkthrough": [
        {
            "id": "1",
            "title": "Baadshah Broking ",
            "subtitle": "Welcome to Baadshah Broking",
            "image": "https:\/\/test.vrtechie.in\/upload\/walkthrough\/default.png",
            "status": "1"
        },
        {
            "id": "2",
            "title": "Theme Style",
            "subtitle": "Mighty Web holds stunning options of Theme styles that you can apply to your mobile app to define your app better.",
            "image": "https:\/\/test.vrtechie.in\/upload\/walkthrough\/default.png",
            "status": "1"
        }
    ],
    "floating_button": [
        {
            "id": "1",
            "title": "Search",
            "image": "https:\/\/test.vrtechie.in\/upload\/floatingbutton\/ic_search.png",
            "url": "https:\/\/www.google.com\/",
            "status": "1"
        },
        {
            "id": "2",
            "title": "Message",
            "image": "https:\/\/test.vrtechie.in\/upload\/floatingbutton\/ic_message.png",
            "url": "https:\/\/www.google.com\/",
            "status": "1"
        },
        {
            "id": "3",
            "title": "Share",
            "image": "https:\/\/test.vrtechie.in\/upload\/floatingbutton\/ic_share.png",
            "url": "https:\/\/www.google.com\/",
            "status": "1"
        },
        {
            "id": "4",
            "title": "Home",
            "image": "https:\/\/test.vrtechie.in\/upload\/floatingbutton\/ic_home.png",
            "url": "https:\/\/www.google.com\/",
            "status": "1"
        }
    ],
    "tabs": [
        {
            "id": "1",
            "title": "Home",
            "image": "https:\/\/test.vrtechie.in\/upload\/tabs\/ic_home.png",
            "url": "https:\/\/www.google.com\/",
            "status": "1"
        },
        {
            "id": "2",
            "title": "Search",
            "image": "https:\/\/test.vrtechie.in\/upload\/tabs\/ic_search.png",
            "url": "https:\/\/www.google.com\/",
            "status": "1"
        },
        {
            "id": "3",
            "title": "Profile",
            "image": "https:\/\/test.vrtechie.in\/upload\/tabs\/ic_profile.png",
            "url": "https:\/\/www.google.com\/",
            "status": "1"
        },
        {
            "id": "4",
            "title": "Wishlist",
            "image": "https:\/\/test.vrtechie.in\/upload\/tabs\/ic_heart.png",
            "url": "https:\/\/www.google.com\/",
            "status": "1"
        }
    ],
    "user_agent": [
        {
            "id": "1",
            "title": "Web Browser",
            "android": "random",
            "ios": "Mozilla\/5.0 (iPhone; CPU iPhone OS 12_2 like Mac OS X) AppleWebKit\/605.1.15 (KHTML, like Gecko) Version\/12.1 Mobile\/15E148 Safari\/604.1",
            "status": "1"
        }
    ]
}